sample,fastq_1,fastq_2,strandedness
Embury2B,/nfs2/hts/nextseq/251217_VH00571_641_222GLHNNX/L1-dual-12bp-1mm/lane1-s040-index--TAGGGGACATCA-TCGGGGCACTAC-Embury2B_S40_R1_001.fastq.gz,,auto
Piland1R,/nfs2/hts/nextseq/251217_VH00571_641_222GLHNNX/L1-dual-12bp-1mm/lane1-s197-index--TGAAACGCGCAA-TGCCCAGAGACC-Piland1R_S197_R1_001.fastq.gz,,auto
Wu2B,/nfs2/hts/nextseq/251217_VH00571_641_222GLHNNX/L1-dual-12bp-1mm/lane1-s098-index--AAAGCCTATCAC-CCCGAATCTACA-Wu2B_S98_R1_001.fastq.gz,,auto
Rothery1B,/nfs2/hts/nextseq/251217_VH00571_641_222GLHNNX/L1-dual-12bp-1mm/lane1-s176-index--CGATTCTGATTG-AGCTTATGCTTG-Rothery1B_S176_R1_001.fastq.gz,,auto
Graves1B,/nfs2/hts/nextseq/251217_VH00571_641_222GLHNNX/L1-dual-12bp-1mm/lane1-s113-index--ATGGCTGGCTCA-CTGGATGGATAC-Graves1B_S113_R1_001.fastq.gz,,auto
Bierek1R,/nfs2/hts/nextseq/251217_VH00571_641_222GLHNNX/L1-dual-12bp-1mm/lane1-s190-index--CGGAAGGGAACC-AGGCCGGGCCAA-Bierek1R_S190_R1_001.fastq.gz,,auto
McGourty1B,/nfs2/hts/nextseq/251217_VH00571_641_222GLHNNX/L1-dual-12bp-1mm/lane1-s163-index--CGAGCATCGGGT-AGCGACTAGGGT-McGourty1B_S163_R1_001.fastq.gz,,auto
Hodge1B,/nfs2/hts/nextseq/251217_VH00571_641_222GLHNNX/L1-dual-12bp-1mm/lane1-s015-index--CCACGAGCACTG-AACAGCGACATG-Hodge1B_S15_R1_001.fastq.gz,,auto
Kennedy1B,/nfs2/hts/nextseq/251217_VH00571_641_222GLHNNX/L1-dual-12bp-1mm/lane1-s037-index--CACGCGATGGGC-ACAGAGCTGGGA-Kennedy1B_S37_R1_001.fastq.gz,,auto
Herrman2B,/nfs2/hts/nextseq/251217_VH00571_641_222GLHNNX/L1-dual-12bp-1mm/lane1-s062-index--AGTGTGACCGGT-CGTGTGCAAGGT-Herrman2B_S62_R1_001.fastq.gz,,auto
Barrow2B,/nfs2/hts/nextseq/251217_VH00571_641_222GLHNNX/L1-dual-12bp-1mm/lane1-s182-index--ACTTTGGAATAG-CATTTGGCCTCG-Barrow2B_S182_R1_001.fastq.gz,,auto
Max1B,/nfs2/hts/nextseq/251217_VH00571_641_222GLHNNX/L1-dual-12bp-1mm/lane1-s167-index--TAAAGCGTACGC-TCCCGAGTCAGA-Max1B_S167_R1_001.fastq.gz,,auto
Liu2B,/nfs2/hts/nextseq/251217_VH00571_641_222GLHNNX/L1-dual-12bp-1mm/lane1-s059-index--TAGAATACGGTT-TCGCCTCAGGTT-Liu2B_S59_R1_001.fastq.gz,,auto
CSmith2B,/nfs2/hts/nextseq/251217_VH00571_641_222GLHNNX/L1-dual-12bp-1mm/lane1-s008-index--TCAGGTAAACTT-TACGGTCCCATT-CSmith2B_S8_R1_001.fastq.gz,,auto
DeJoseph1B,/nfs2/hts/nextseq/251217_VH00571_641_222GLHNNX/L1-dual-12bp-1mm/lane1-s077-index--TTTGCAAAGCCG-TTTGACCCGAAG-DeJoseph1B_S77_R1_001.fastq.gz,,auto
Bailey2B,/nfs2/hts/nextseq/251217_VH00571_641_222GLHNNX/L1-dual-12bp-1mm/lane1-s024-index--CGATGATAACGG-AGCTGCTCCAGG-Bailey2B_S24_R1_001.fastq.gz,,auto
MJones3B,/nfs2/hts/nextseq/251217_VH00571_641_222GLHNNX/L1-dual-12bp-1mm/lane1-s172-index--GTAATGGCAACA-GTCCTGGACCAC-MJones3B_S172_R1_001.fastq.gz,,auto
GJohnstun1B,/nfs2/hts/nextseq/251217_VH00571_641_222GLHNNX/L1-dual-12bp-1mm/lane1-s201-index--TTCGGTTGTATA-TTAGGTTGTCTC-GJohnstun1B_S201_R1_001.fastq.gz,,auto
Page1B,/nfs2/hts/nextseq/251217_VH00571_641_222GLHNNX/L1-dual-12bp-1mm/lane1-s017-index--TTAGCTATCTTG-TTCGATCTATTG-Page1B_S17_R1_001.fastq.gz,,auto
Glover1B,/nfs2/hts/nextseq/251217_VH00571_641_222GLHNNX/L1-dual-12bp-1mm/lane1-s069-index--CAGTTCCTAACC-ACGTTAATCCAA-Glover1B_S69_R1_001.fastq.gz,,auto
Nixon1B,/nfs2/hts/nextseq/251217_VH00571_641_222GLHNNX/L1-dual-12bp-1mm/lane1-s087-index--CGTGATTTAAAG-AGTGCTTTCCCG-Nixon1B_S87_R1_001.fastq.gz,,auto
Liu1B,/nfs2/hts/nextseq/251217_VH00571_641_222GLHNNX/L1-dual-12bp-1mm/lane1-s058-index--ATAACTCTCCTC-CTCCATATAATA-Liu1B_S58_R1_001.fastq.gz,,auto
Crofoot1B,/nfs2/hts/nextseq/251217_VH00571_641_222GLHNNX/L1-dual-12bp-1mm/lane1-s137-index--AATCCGGCGCAC-CCTAAGGAGACA-Crofoot1B_S137_R1_001.fastq.gz,,auto
Choi2B,/nfs2/hts/nextseq/251217_VH00571_641_222GLHNNX/L1-dual-12bp-1mm/lane1-s004-index--CCAAATCCTTCG-AACCCTAATTAG-Choi2B_S4_R1_001.fastq.gz,,auto
Shabunia1B,/nfs2/hts/nextseq/251217_VH00571_641_222GLHNNX/L1-dual-12bp-1mm/lane1-s147-index--GTGCTTGCAAAC-GTGATTGACCCA-Shabunia1B_S147_R1_001.fastq.gz,,auto
Randolph1B,/nfs2/hts/nextseq/251217_VH00571_641_222GLHNNX/L1-dual-12bp-1mm/lane1-s175-index--CAGGGATTTCCA-ACGGGCTTTAAC-Randolph1B_S175_R1_001.fastq.gz,,auto
Johnson1B,/nfs2/hts/nextseq/251217_VH00571_641_222GLHNNX/L1-dual-12bp-1mm/lane1-s115-index--CTATGTTTTTGC-ATCTGTTTTTGA-Johnson1B_S115_R1_001.fastq.gz,,auto
MJones2B,/nfs2/hts/nextseq/251217_VH00571_641_222GLHNNX/L1-dual-12bp-1mm/lane1-s171-index--AGCTATAAGATC-CGATCTCCGCTA-MJones2B_S171_R1_001.fastq.gz,,auto
Tolle3B,/nfs2/hts/nextseq/251217_VH00571_641_222GLHNNX/L1-dual-12bp-1mm/lane1-s146-index--CAGAACGAATCC-ACGCCAGCCTAA-Tolle3B_S146_R1_001.fastq.gz,,auto
Pita1R,/nfs2/hts/nextseq/251217_VH00571_641_222GLHNNX/L1-dual-12bp-1mm/lane1-s166-index--GCCAAGGTGCTA-GAACCGGTGATC-Pita1R_S166_R1_001.fastq.gz,,auto
Sheflin2B,/nfs2/hts/nextseq/251217_VH00571_641_222GLHNNX/L1-dual-12bp-1mm/lane1-s022-index--GTTCGATCAGTA-GTTAGCTACGTC-Sheflin2B_S22_R1_001.fastq.gz,,auto
Merhej2B,/nfs2/hts/nextseq/251217_VH00571_641_222GLHNNX/L1-dual-12bp-1mm/lane1-s200-index--GTCGCTAGCCAG-GTAGATCGAACG-Merhej2B_S200_R1_001.fastq.gz,,auto
Magruder2B,/nfs2/hts/nextseq/251217_VH00571_641_222GLHNNX/L1-dual-12bp-1mm/lane1-s044-index--CTGATGTGAGAG-ATGCTGTGCGCG-Magruder2B_S44_R1_001.fastq.gz,,auto
Magruder1B,/nfs2/hts/nextseq/251217_VH00571_641_222GLHNNX/L1-dual-12bp-1mm/lane1-s043-index--GCCTCCTCCGTG-GAATAATAAGTG-Magruder1B_S43_R1_001.fastq.gz,,auto
GJohnstun2B,/nfs2/hts/nextseq/251217_VH00571_641_222GLHNNX/L1-dual-12bp-1mm/lane1-s202-index--GCGGTATCATCA-GAGGTCTACTAC-GJohnstun2B_S202_R1_001.fastq.gz,,auto
Fensterbush2B,/nfs2/hts/nextseq/251217_VH00571_641_222GLHNNX/L1-dual-12bp-1mm/lane1-s136-index--CACGTACCAGTC-ACAGTCAACGTA-Fensterbush2B_S136_R1_001.fastq.gz,,auto
Jun1B,/nfs2/hts/nextseq/251217_VH00571_641_222GLHNNX/L1-dual-12bp-1mm/lane1-s165-index--CTTTCATGTCTC-ATTTACTGTATA-Jun1B_S165_R1_001.fastq.gz,,auto
Caylor2B,/nfs2/hts/nextseq/251217_VH00571_641_222GLHNNX/L1-dual-12bp-1mm/lane1-s122-index--GCGGAGCACCCA-GAGGCGACAAAC-Caylor2B_S122_R1_001.fastq.gz,,auto
Hopple1B,/nfs2/hts/nextseq/251217_VH00571_641_222GLHNNX/L1-dual-12bp-1mm/lane1-s095-index--TCGGCTCACAAG-TAGGATACACCG-Hopple1B_S95_R1_001.fastq.gz,,auto
McGourty2B,/nfs2/hts/nextseq/251217_VH00571_641_222GLHNNX/L1-dual-12bp-1mm/lane1-s164-index--TGACTACCGTAA-TGCATCAAGTCC-McGourty2B_S164_R1_001.fastq.gz,,auto
Strople2B,/nfs2/hts/nextseq/251217_VH00571_641_222GLHNNX/L1-dual-12bp-1mm/lane1-s184-index--AACTTAATTTCT-CCATTCCTTTAT-Strople2B_S184_R1_001.fastq.gz,,auto
Flores2B,/nfs2/hts/nextseq/251217_VH00571_641_222GLHNNX/L1-dual-12bp-1mm/lane1-s086-index--GCGACGCTCGTA-GAGCAGATAGTC-Flores2B_S86_R1_001.fastq.gz,,auto
Hodge3B,/nfs2/hts/nextseq/251217_VH00571_641_222GLHNNX/L1-dual-12bp-1mm/lane1-s072-index--TGTCGCAACGGC-TGTAGACCAGGA-Hodge3B_S72_R1_001.fastq.gz,,auto
Gegen2B,/nfs2/hts/nextseq/251217_VH00571_641_222GLHNNX/L1-dual-12bp-1mm/lane1-s036-index--TCTCAGATTCAT-TATACGCTTACT-Gegen2B_S36_R1_001.fastq.gz,,auto
Lockhart2B,/nfs2/hts/nextseq/251217_VH00571_641_222GLHNNX/L1-dual-12bp-1mm/lane1-s104-index--GCGTAGGCAAGA-GAGTCGGACCGC-Lockhart2B_S104_R1_001.fastq.gz,,auto
Ponraj1B,/nfs2/hts/nextseq/251217_VH00571_641_222GLHNNX/L1-dual-12bp-1mm/lane1-s013-index--AACTTGTAAATA-CCATTGTCCCTC-Ponraj1B_S13_R1_001.fastq.gz,,auto
Quehrn1B,/nfs2/hts/nextseq/251217_VH00571_641_222GLHNNX/L1-dual-12bp-1mm/lane1-s019-index--ACTTCGTCCAGT-CATTAGTAACGT-Quehrn1B_S19_R1_001.fastq.gz,,auto
Alexander2B,/nfs2/hts/nextseq/251217_VH00571_641_222GLHNNX/L1-dual-12bp-1mm/lane1-s162-index--GTATAGTTGCGA-GTCTCGTTGAGC-Alexander2B_S162_R1_001.fastq.gz,,auto
Rollett1B,/nfs2/hts/nextseq/251217_VH00571_641_222GLHNNX/L1-dual-12bp-1mm/lane1-s151-index--ATAAGAAGTGCC-CTCCGCCGTGAA-Rollett1B_S151_R1_001.fastq.gz,,auto
Dalzell1B,/nfs2/hts/nextseq/251217_VH00571_641_222GLHNNX/L1-dual-12bp-1mm/lane1-s065-index--TTATAAGCCGTC-TTCTCCGAAGTA-Dalzell1B_S65_R1_001.fastq.gz,,auto
Springer1B,/nfs2/hts/nextseq/251217_VH00571_641_222GLHNNX/L1-dual-12bp-1mm/lane1-s080-index--ACGGCGCCAGGG-CAGGAGAACGGG-Springer1B_S80_R1_001.fastq.gz,,auto
Crowell1B,/nfs2/hts/nextseq/251217_VH00571_641_222GLHNNX/L1-dual-12bp-1mm/lane1-s159-index--AACAGTGTCACC-CCACGTGTACAA-Crowell1B_S159_R1_001.fastq.gz,,auto
Rollett2B,/nfs2/hts/nextseq/251217_VH00571_641_222GLHNNX/L1-dual-12bp-1mm/lane1-s152-index--AATCGGAGTAGA-CCTAGGCGTCGC-Rollett2B_S152_R1_001.fastq.gz,,auto
Wu1B,/nfs2/hts/nextseq/251217_VH00571_641_222GLHNNX/L1-dual-12bp-1mm/lane1-s097-index--GCCCCACATGAT-GAAAACACTGCT-Wu1B_S97_R1_001.fastq.gz,,auto
Iglesias2B,/nfs2/hts/nextseq/251217_VH00571_641_222GLHNNX/L1-dual-12bp-1mm/lane1-s131-index--GCCATCTATAGA-GAACTATCTCGC-Iglesias2B_S131_R1_001.fastq.gz,,auto
Dziwok2B,/nfs2/hts/nextseq/251217_VH00571_641_222GLHNNX/L1-dual-12bp-1mm/lane1-s082-index--GATTACATGAGA-GCTTCACTGCGC-Dziwok2B_S82_R1_001.fastq.gz,,auto
Mazzolini1B,/nfs2/hts/nextseq/251217_VH00571_641_222GLHNNX/L1-dual-12bp-1mm/lane1-s111-index--TAGCGAATATCT-TCGAGCCTCTAT-Mazzolini1B_S111_R1_001.fastq.gz,,auto
Crofoot2B,/nfs2/hts/nextseq/251217_VH00571_641_222GLHNNX/L1-dual-12bp-1mm/lane1-s138-index--CCTCTCGACATT-AATATAGCACTT-Crofoot2B_S138_R1_001.fastq.gz,,auto
Bailey4B,/nfs2/hts/nextseq/251217_VH00571_641_222GLHNNX/L1-dual-12bp-1mm/lane1-s079-index--ACAGGGGGTGTC-CACGGGGGTGTA-Bailey4B_S79_R1_001.fastq.gz,,auto
Petrov1R,/nfs2/hts/nextseq/251217_VH00571_641_222GLHNNX/L1-dual-12bp-1mm/lane1-s193-index--CCTTCTAGTTAT-AATTATCGTTCT-Petrov1R_S193_R1_001.fastq.gz,,auto
Hofer2B,/nfs2/hts/nextseq/251217_VH00571_641_222GLHNNX/L1-dual-12bp-1mm/lane1-s002-index--AGAGAAGCGTTA-CGCGCCGAGTTC-Hofer2B_S2_R1_001.fastq.gz,,auto
Foster1B,/nfs2/hts/nextseq/251217_VH00571_641_222GLHNNX/L1-dual-12bp-1mm/lane1-s178-index--GTCGTCGAACGC-GTAGTAGCCAGA-Foster1B_S178_R1_001.fastq.gz,,auto
Carr1B,/nfs2/hts/nextseq/251217_VH00571_641_222GLHNNX/L1-dual-12bp-1mm/lane1-s132-index--CCTTTTGTACCC-AATTTTGTCAAA-Carr1B_S132_R1_001.fastq.gz,,auto
Sheflin1B,/nfs2/hts/nextseq/251217_VH00571_641_222GLHNNX/L1-dual-12bp-1mm/lane1-s021-index--GCCGGAGGTCTG-GAAGGCGGTATG-Sheflin1B_S21_R1_001.fastq.gz,,auto
Owensby1B,/nfs2/hts/nextseq/251217_VH00571_641_222GLHNNX/L1-dual-12bp-1mm/lane1-s139-index--ACTGCGATCGTC-CATGAGCTAGTA-Owensby1B_S139_R1_001.fastq.gz,,auto
Gaffney1B,/nfs2/hts/nextseq/251217_VH00571_641_222GLHNNX/L1-dual-12bp-1mm/lane1-s067-index--GACCGTGCGCAA-GCAAGTGAGACC-Gaffney1B_S67_R1_001.fastq.gz,,auto
Rognlin2B,/nfs2/hts/nextseq/251217_VH00571_641_222GLHNNX/L1-dual-12bp-1mm/lane1-s048-index--ATGACGGTGAGC-CTGCAGGTGCGA-Rognlin2B_S48_R1_001.fastq.gz,,auto
Winnell1B,/nfs2/hts/nextseq/251217_VH00571_641_222GLHNNX/L1-dual-12bp-1mm/lane1-s155-index--TTAATAAACGTA-TTCCTCCCAGTC-Winnell1B_S155_R1_001.fastq.gz,,auto
MJones1B,/nfs2/hts/nextseq/251217_VH00571_641_222GLHNNX/L1-dual-12bp-1mm/lane1-s170-index--ACGCGCGGACTA-CAGAGAGGCATC-MJones1B_S170_R1_001.fastq.gz,,auto
CSmith3B,/nfs2/hts/nextseq/251217_VH00571_641_222GLHNNX/L1-dual-12bp-1mm/lane1-s070-index--GCAGTAAGCTGT-GACGTCCGATGT-CSmith3B_S70_R1_001.fastq.gz,,auto
Pulse2B,/nfs2/hts/nextseq/251217_VH00571_641_222GLHNNX/L1-dual-12bp-1mm/lane1-s012-index--TGCGTTAACTCT-TGAGTTCCATAT-Pulse2B_S12_R1_001.fastq.gz,,auto
Huntly1B,/nfs2/hts/nextseq/251217_VH00571_641_222GLHNNX/L1-dual-12bp-1mm/lane1-s105-index--CTTGTAACGAGT-ATTGTCCAGCGT-Huntly1B_S105_R1_001.fastq.gz,,auto
Page2B,/nfs2/hts/nextseq/251217_VH00571_641_222GLHNNX/L1-dual-12bp-1mm/lane1-s018-index--AGGTCCTGGGGA-CGGTAATGGGGC-Page2B_S18_R1_001.fastq.gz,,auto
Sanders2B,/nfs2/hts/nextseq/251217_VH00571_641_222GLHNNX/L1-dual-12bp-1mm/lane1-s120-index--GCTACGAGAGAG-GATCAGCGCGCG-Sanders2B_S120_R1_001.fastq.gz,,auto
Halliwell2B,/nfs2/hts/nextseq/251217_VH00571_641_222GLHNNX/L1-dual-12bp-1mm/lane1-s094-index--AGTTATGTGCAG-CGTTCTGTGACG-Halliwell2B_S94_R1_001.fastq.gz,,auto
Willoughby1R,/nfs2/hts/nextseq/251217_VH00571_641_222GLHNNX/L1-dual-12bp-1mm/lane1-s180-index--CTTCCGCAAACT-ATTAAGACCCAT-Willoughby1R_S180_R1_001.fastq.gz,,auto
Piland2B,/nfs2/hts/nextseq/251217_VH00571_641_222GLHNNX/L1-dual-12bp-1mm/lane1-s032-index--TCTGTAATTGCA-TATGTCCTTGAC-Piland2B_S32_R1_001.fastq.gz,,auto
Briscoe1B,/nfs2/hts/nextseq/251217_VH00571_641_222GLHNNX/L1-dual-12bp-1mm/lane1-s052-index--CTTAACACATAA-ATTCCACACTCC-Briscoe1B_S52_R1_001.fastq.gz,,auto
Kennedy2B,/nfs2/hts/nextseq/251217_VH00571_641_222GLHNNX/L1-dual-12bp-1mm/lane1-s038-index--CACACAAGGGAG-ACACACCGGGCG-Kennedy2B_S38_R1_001.fastq.gz,,auto
Huntly2B,/nfs2/hts/nextseq/251217_VH00571_641_222GLHNNX/L1-dual-12bp-1mm/lane1-s106-index--GAGTGTCTGAGG-GCGTGTATGCGG-Huntly2B_S106_R1_001.fastq.gz,,auto
Monson2B,/nfs2/hts/nextseq/251217_VH00571_641_222GLHNNX/L1-dual-12bp-1mm/lane1-s054-index--TGTTTGAGTCGG-TGTTTGCGTAGG-Monson2B_S54_R1_001.fastq.gz,,auto
CSmith4B,/nfs2/hts/nextseq/251217_VH00571_641_222GLHNNX/L1-dual-12bp-1mm/lane1-s071-index--CGCGGCACGATA-AGAGGACAGCTC-CSmith4B_S71_R1_001.fastq.gz,,auto
Pragada2B,/nfs2/hts/nextseq/251217_VH00571_641_222GLHNNX/L1-dual-12bp-1mm/lane1-s100-index--AAGGTAGATGCG-CCGGTCGCTGAG-Pragada2B_S100_R1_001.fastq.gz,,auto
Gallant1B,/nfs2/hts/nextseq/251217_VH00571_641_222GLHNNX/L1-dual-12bp-1mm/lane1-s153-index--GTTGGAGAAATA-GTTGGCGCCCTC-Gallant1B_S153_R1_001.fastq.gz,,auto
Hansen1B,/nfs2/hts/nextseq/251217_VH00571_641_222GLHNNX/L1-dual-12bp-1mm/lane1-s107-index--AGCTCCGATGCC-CGATAAGCTGAA-Hansen1B_S107_R1_001.fastq.gz,,auto
Mitchell1B,/nfs2/hts/nextseq/251217_VH00571_641_222GLHNNX/L1-dual-12bp-1mm/lane1-s076-index--CTCACTCCGCCC-ATACATAAGAAA-Mitchell1B_S76_R1_001.fastq.gz,,auto
Wells1B,/nfs2/hts/nextseq/251217_VH00571_641_222GLHNNX/L1-dual-12bp-1mm/lane1-s185-index--TCGAAGTGCTGT-TAGCCGTGATGT-Wells1B_S185_R1_001.fastq.gz,,auto
Parks1B,/nfs2/hts/nextseq/251217_VH00571_641_222GLHNNX/L1-dual-12bp-1mm/lane1-s055-index--TGCCCGACAGGT-TGAAAGCACGGT-Parks1B_S55_R1_001.fastq.gz,,auto
Porbandarwalla1B,/nfs2/hts/nextseq/251217_VH00571_641_222GLHNNX/L1-dual-12bp-1mm/lane1-s045-index--ATTGATCAAGCT-CTTGCTACCGAT-Porbandarwalla1B_S45_R1_001.fastq.gz,,auto
Wells2B,/nfs2/hts/nextseq/251217_VH00571_641_222GLHNNX/L1-dual-12bp-1mm/lane1-s186-index--TCGCAACACGCT-TAGACCACAGAT-Wells2B_S186_R1_001.fastq.gz,,auto
Slyngstad3B,/nfs2/hts/nextseq/251217_VH00571_641_222GLHNNX/L1-dual-12bp-1mm/lane1-s051-index--GTGCTAATGGGA-GTGATCCTGGGC-Slyngstad3B_S51_R1_001.fastq.gz,,auto
Strunk2B,/nfs2/hts/nextseq/251217_VH00571_641_222GLHNNX/L1-dual-12bp-1mm/lane1-s092-index--TCTAGACAAAGT-TATCGCACCCGT-Strunk2B_S92_R1_001.fastq.gz,,auto
Choi1R,/nfs2/hts/nextseq/251217_VH00571_641_222GLHNNX/L1-dual-12bp-1mm/lane1-s192-index--CGCCGCGTTAAG-AGAAGAGTTCCG-Choi1R_S192_R1_001.fastq.gz,,auto
Barrow1B,/nfs2/hts/nextseq/251217_VH00571_641_222GLHNNX/L1-dual-12bp-1mm/lane1-s181-index--GCCGGGAATAAG-GAAGGGCCTCCG-Barrow1B_S181_R1_001.fastq.gz,,auto
Petrov1B,/nfs2/hts/nextseq/251217_VH00571_641_222GLHNNX/L1-dual-12bp-1mm/lane1-s005-index--CGCCCAAATATC-AGAAACCCTCTA-Petrov1B_S5_R1_001.fastq.gz,,auto
DWells1B,/nfs2/hts/nextseq/251217_VH00571_641_222GLHNNX/L1-dual-12bp-1mm/lane1-s025-index--CCAGAAGTTATT-AACGCCGTTCTT-DWells1B_S25_R1_001.fastq.gz,,auto
Sanders1B,/nfs2/hts/nextseq/251217_VH00571_641_222GLHNNX/L1-dual-12bp-1mm/lane1-s119-index--TATGGTTACCAG-TCTGGTTCAACG-Sanders1B_S119_R1_001.fastq.gz,,auto
Mosbrucker2B,/nfs2/hts/nextseq/251217_VH00571_641_222GLHNNX/L1-dual-12bp-1mm/lane1-s034-index--CGCAAGCCCTCG-AGACCGAAATAG-Mosbrucker2B_S34_R1_001.fastq.gz,,auto
Bailey1B,/nfs2/hts/nextseq/251217_VH00571_641_222GLHNNX/L1-dual-12bp-1mm/lane1-s023-index--GCAGGTTCTCGT-GACGGTTATAGT-Bailey1B_S23_R1_001.fastq.gz,,auto
Strunk1B,/nfs2/hts/nextseq/251217_VH00571_641_222GLHNNX/L1-dual-12bp-1mm/lane1-s091-index--GACTTCAATCGA-GCATTACCTAGC-Strunk1B_S91_R1_001.fastq.gz,,auto
Page3B,/nfs2/hts/nextseq/251217_VH00571_641_222GLHNNX/L1-dual-12bp-1mm/lane1-s074-index--GAGATCAGTCAG-GCGCTACGTACG-Page3B_S74_R1_001.fastq.gz,,auto
Quehrn1R,/nfs2/hts/nextseq/251217_VH00571_641_222GLHNNX/L1-dual-12bp-1mm/lane1-s195-index--CCAGTCCTGACT-AACGTAATGCAT-Quehrn1R_S195_R1_001.fastq.gz,,auto
Gwin2B,/nfs2/hts/nextseq/251217_VH00571_641_222GLHNNX/L1-dual-12bp-1mm/lane1-s028-index--AGCCCGCGTCGT-CGAAAGAGTAGT-Gwin2B_S28_R1_001.fastq.gz,,auto
Bierek2B,/nfs2/hts/nextseq/251217_VH00571_641_222GLHNNX/L1-dual-12bp-1mm/lane1-s191-index--CCCTTACTGTGA-AAATTCATGTGC-Bierek2B_S191_R1_001.fastq.gz,,auto
Ferro1B,/nfs2/hts/nextseq/251217_VH00571_641_222GLHNNX/L1-dual-12bp-1mm/lane1-s143-index--GACGATCCTCAC-GCAGCTAATACA-Ferro1B_S143_R1_001.fastq.gz,,auto
Hopple2B,/nfs2/hts/nextseq/251217_VH00571_641_222GLHNNX/L1-dual-12bp-1mm/lane1-s096-index--GCTGCATACAAG-GATGACTCACCG-Hopple2B_S96_R1_001.fastq.gz,,auto
Embury1B,/nfs2/hts/nextseq/251217_VH00571_641_222GLHNNX/L1-dual-12bp-1mm/lane1-s039-index--TTAGTGTTAAAA-TTCGTGTTCCCC-Embury1B_S39_R1_001.fastq.gz,,auto
Gegen1B,/nfs2/hts/nextseq/251217_VH00571_641_222GLHNNX/L1-dual-12bp-1mm/lane1-s035-index--AGTTCTACGGAC-CGTTATCAGGCA-Gegen1B_S35_R1_001.fastq.gz,,auto
Pragada1B,/nfs2/hts/nextseq/251217_VH00571_641_222GLHNNX/L1-dual-12bp-1mm/lane1-s099-index--TTCAACGGTAAG-TTACCAGGTCCG-Pragada1B_S99_R1_001.fastq.gz,,auto
Dalzell2B,/nfs2/hts/nextseq/251217_VH00571_641_222GLHNNX/L1-dual-12bp-1mm/lane1-s066-index--TATTGAACTCCA-TCTTGCCATAAC-Dalzell2B_S66_R1_001.fastq.gz,,auto
Strople1B,/nfs2/hts/nextseq/251217_VH00571_641_222GLHNNX/L1-dual-12bp-1mm/lane1-s183-index--TTCTGGTCCCAG-TTATGGTAAACG-Strople1B_S183_R1_001.fastq.gz,,auto
Skov1B,/nfs2/hts/nextseq/251217_VH00571_641_222GLHNNX/L1-dual-12bp-1mm/lane1-s125-index--TGGCGGCGGCGA-TGGAGGAGGAGC-Skov1B_S125_R1_001.fastq.gz,,auto
Strahle2B,/nfs2/hts/nextseq/251217_VH00571_641_222GLHNNX/L1-dual-12bp-1mm/lane1-s030-index--AAGCGGCAGAGG-CCGAGGACGCGG-Strahle2B_S30_R1_001.fastq.gz,,auto
Woolsey1B,/nfs2/hts/nextseq/251217_VH00571_641_222GLHNNX/L1-dual-12bp-1mm/lane1-s187-index--GTATCTTGTCAC-GTCTATTGTACA-Woolsey1B_S187_R1_001.fastq.gz,,auto
Olson2B,/nfs2/hts/nextseq/251217_VH00571_641_222GLHNNX/L1-dual-12bp-1mm/lane1-s084-index--AAGTCTTTGTCG-CCGTATTTGTAG-Olson2B_S84_R1_001.fastq.gz,,auto
Bierek1B,/nfs2/hts/nextseq/251217_VH00571_641_222GLHNNX/L1-dual-12bp-1mm/lane1-s189-index--TACGAGCTGGTT-TCAGCGATGGTT-Bierek1B_S189_R1_001.fastq.gz,,auto
Ponraj2B,/nfs2/hts/nextseq/251217_VH00571_641_222GLHNNX/L1-dual-12bp-1mm/lane1-s014-index--TATCCTACTCAT-TCTAATCATACT-Ponraj2B_S14_R1_001.fastq.gz,,auto
Mosbrucker1B,/nfs2/hts/nextseq/251217_VH00571_641_222GLHNNX/L1-dual-12bp-1mm/lane1-s033-index--TACCATTCGCAG-TCAACTTAGACG-Mosbrucker1B_S33_R1_001.fastq.gz,,auto
Hofer1B,/nfs2/hts/nextseq/251217_VH00571_641_222GLHNNX/L1-dual-12bp-1mm/lane1-s001-index--GTTCATAATCAC-GTTACTCCTACA-Hofer1B_S1_R1_001.fastq.gz,,auto
Halliwell1B,/nfs2/hts/nextseq/251217_VH00571_641_222GLHNNX/L1-dual-12bp-1mm/lane1-s093-index--ACCTGATGTATT-CAATGCTGTCTT-Halliwell1B_S93_R1_001.fastq.gz,,auto
Shabunia2B,/nfs2/hts/nextseq/251217_VH00571_641_222GLHNNX/L1-dual-12bp-1mm/lane1-s148-index--CAGTGAGGTACT-ACGTGCGGTCAT-Shabunia2B_S148_R1_001.fastq.gz,,auto
Ramey1B,/nfs2/hts/nextseq/251217_VH00571_641_222GLHNNX/L1-dual-12bp-1mm/lane1-s127-index--GATCCAAGAGGG-GCTAACCGCGGG-Ramey1B_S127_R1_001.fastq.gz,,auto
Tanno1B,/nfs2/hts/nextseq/251217_VH00571_641_222GLHNNX/L1-dual-12bp-1mm/lane1-s060-index--ACGTTTTGATTC-CAGTTTTGCTTA-Tanno1B_S60_R1_001.fastq.gz,,auto
Choi1B,/nfs2/hts/nextseq/251217_VH00571_641_222GLHNNX/L1-dual-12bp-1mm/lane1-s003-index--CTGCCAACACGA-ATGAACCACAGC-Choi1B_S3_R1_001.fastq.gz,,auto
Flores1B,/nfs2/hts/nextseq/251217_VH00571_641_222GLHNNX/L1-dual-12bp-1mm/lane1-s085-index--ACATTCAAGTGC-CACTTACCGTGA-Flores1B_S85_R1_001.fastq.gz,,auto
Hochberg2B,/nfs2/hts/nextseq/251217_VH00571_641_222GLHNNX/L1-dual-12bp-1mm/lane1-s150-index--AGTAACCACAGC-CGTCCAACACGA-Hochberg2B_S150_R1_001.fastq.gz,,auto
Mitchell1R,/nfs2/hts/nextseq/251217_VH00571_641_222GLHNNX/L1-dual-12bp-1mm/lane1-s196-index--TCCTTAACCCGT-TAATTCCAAAGT-Mitchell1R_S196_R1_001.fastq.gz,,auto
Fensterbush1B,/nfs2/hts/nextseq/251217_VH00571_641_222GLHNNX/L1-dual-12bp-1mm/lane1-s135-index--TAGCCCGGGGCA-TCGAAAGGGGAC-Fensterbush1B_S135_R1_001.fastq.gz,,auto
Nixon2B,/nfs2/hts/nextseq/251217_VH00571_641_222GLHNNX/L1-dual-12bp-1mm/lane1-s088-index--ACCTACAGACCT-CAATCACGCAAT-Nixon2B_S88_R1_001.fastq.gz,,auto
Herrman1B,/nfs2/hts/nextseq/251217_VH00571_641_222GLHNNX/L1-dual-12bp-1mm/lane1-s061-index--CGACCTGAACGG-AGCAATGCCAGG-Herrman1B_S61_R1_001.fastq.gz,,auto
Merhej1B,/nfs2/hts/nextseq/251217_VH00571_641_222GLHNNX/L1-dual-12bp-1mm/lane1-s199-index--CTCCGTCTAGAG-ATAAGTATCGCG-Merhej1B_S199_R1_001.fastq.gz,,auto
Gallant2B,/nfs2/hts/nextseq/251217_VH00571_641_222GLHNNX/L1-dual-12bp-1mm/lane1-s154-index--TCACTCTAGGAT-TACATATCGGCT-Gallant2B_S154_R1_001.fastq.gz,,auto
Ramey2B,/nfs2/hts/nextseq/251217_VH00571_641_222GLHNNX/L1-dual-12bp-1mm/lane1-s128-index--GACAGTCGAGAG-GCACGTAGCGCG-Ramey2B_S128_R1_001.fastq.gz,,auto
Thurman2B,/nfs2/hts/nextseq/251217_VH00571_641_222GLHNNX/L1-dual-12bp-1mm/lane1-s117-index--TGTGCCCTATAA-TGTGAAATCTCC-Thurman2B_S117_R1_001.fastq.gz,,auto
Thurman3B,/nfs2/hts/nextseq/251217_VH00571_641_222GLHNNX/L1-dual-12bp-1mm/lane1-s118-index--AGGCAAGAACGT-CGGACCGCCAGT-Thurman3B_S118_R1_001.fastq.gz,,auto
DWells2B,/nfs2/hts/nextseq/251217_VH00571_641_222GLHNNX/L1-dual-12bp-1mm/lane1-s026-index--CATAGGGAGGGG-ACTCGGGCGGGG-DWells2B_S26_R1_001.fastq.gz,,auto
Monson1B,/nfs2/hts/nextseq/251217_VH00571_641_222GLHNNX/L1-dual-12bp-1mm/lane1-s053-index--AAAAACGGCAGG-CCCCCAGGACGG-Monson1B_S53_R1_001.fastq.gz,,auto
Jun2B,/nfs2/hts/nextseq/251217_VH00571_641_222GLHNNX/L1-dual-12bp-1mm/lane1-s198-index--GCACCTAGCGGC-GACAATCGAGGA-Jun2B_S198_R1_001.fastq.gz,,auto
Ryan2B,/nfs2/hts/nextseq/251217_VH00571_641_222GLHNNX/L1-dual-12bp-1mm/lane1-s124-index--TGAGAGGGGTTC-TGCGCGGGGTTA-Ryan2B_S124_R1_001.fastq.gz,,auto
Chung1B,/nfs2/hts/nextseq/251217_VH00571_641_222GLHNNX/L1-dual-12bp-1mm/lane1-s157-index--CGTTGGCTCGCG-AGTTGGATAGAG-Chung1B_S157_R1_001.fastq.gz,,auto
Christilaw2B,/nfs2/hts/nextseq/251217_VH00571_641_222GLHNNX/L1-dual-12bp-1mm/lane1-s057-index--GTCATCCGTTTT-GTACTAAGTTTT-Christilaw2B_S57_R1_001.fastq.gz,,auto
Iglesias1B,/nfs2/hts/nextseq/251217_VH00571_641_222GLHNNX/L1-dual-12bp-1mm/lane1-s130-index--CATCGACGTACG-ACTAGCAGTCAG-Iglesias1B_S130_R1_001.fastq.gz,,auto
Graves2B,/nfs2/hts/nextseq/251217_VH00571_641_222GLHNNX/L1-dual-12bp-1mm/lane1-s114-index--TATCAATACCCG-TCTACCTCAAAG-Graves2B_S114_R1_001.fastq.gz,,auto
Benn2B,/nfs2/hts/nextseq/251217_VH00571_641_222GLHNNX/L1-dual-12bp-1mm/lane1-s134-index--CCCAGGCAGCTT-AAACGGACGATT-Benn2B_S134_R1_001.fastq.gz,,auto
Quammen2B,/nfs2/hts/nextseq/251217_VH00571_641_222GLHNNX/L1-dual-12bp-1mm/lane1-s142-index--TAGCCGTTGTAC-TCGAAGTTGTCA-Quammen2B_S142_R1_001.fastq.gz,,auto
Hodge2B,/nfs2/hts/nextseq/251217_VH00571_641_222GLHNNX/L1-dual-12bp-1mm/lane1-s016-index--GCGTTCGATGAA-GAGTTAGCTGCC-Hodge2B_S16_R1_001.fastq.gz,,auto
Piland1B,/nfs2/hts/nextseq/251217_VH00571_641_222GLHNNX/L1-dual-12bp-1mm/lane1-s031-index--TACGCAGTACAA-TCAGACGTCACC-Piland1B_S31_R1_001.fastq.gz,,auto
Higbee2B,/nfs2/hts/nextseq/251217_VH00571_641_222GLHNNX/L1-dual-12bp-1mm/lane1-s110-index--GTACTCCCAATG-GTCATAAACCTG-Higbee2B_S110_R1_001.fastq.gz,,auto
Higbee1B,/nfs2/hts/nextseq/251217_VH00571_641_222GLHNNX/L1-dual-12bp-1mm/lane1-s109-index--GATGCGCTCCTT-GCTGAGATAATT-Higbee1B_S109_R1_001.fastq.gz,,auto
Foster2B,/nfs2/hts/nextseq/251217_VH00571_641_222GLHNNX/L1-dual-12bp-1mm/lane1-s179-index--GAAGTGCCCCCA-GCCGTGAAAAAC-Foster2B_S179_R1_001.fastq.gz,,auto
McFarland1B,/nfs2/hts/nextseq/251217_VH00571_641_222GLHNNX/L1-dual-12bp-1mm/lane1-s063-index--GCTACTTTGGGG-GATCATTTGGGG-McFarland1B_S63_R1_001.fastq.gz,,auto
Keeton1B,/nfs2/hts/nextseq/251217_VH00571_641_222GLHNNX/L1-dual-12bp-1mm/lane1-s101-index--TTCACGAATGCT-TTACAGCCTGAT-Keeton1B_S101_R1_001.fastq.gz,,auto
Brueske1B,/nfs2/hts/nextseq/251217_VH00571_641_222GLHNNX/L1-dual-12bp-1mm/lane1-s089-index--GTTTATTCAGTG-GTTTCTTACGTG-Brueske1B_S89_R1_001.fastq.gz,,auto
Hodge4B,/nfs2/hts/nextseq/251217_VH00571_641_222GLHNNX/L1-dual-12bp-1mm/lane1-s073-index--ATCTCATTATGG-CTATACTTCTGG-Hodge4B_S73_R1_001.fastq.gz,,auto
Rognlin1B,/nfs2/hts/nextseq/251217_VH00571_641_222GLHNNX/L1-dual-12bp-1mm/lane1-s047-index--ACTGTCCCGCTA-CATGTAAAGATC-Rognlin1B_S47_R1_001.fastq.gz,,auto
Quehrn3B,/nfs2/hts/nextseq/251217_VH00571_641_222GLHNNX/L1-dual-12bp-1mm/lane1-s075-index--TTCGAACCGAGA-TTAGCCAAGCGC-Quehrn3B_S75_R1_001.fastq.gz,,auto
Dziwok1B,/nfs2/hts/nextseq/251217_VH00571_641_222GLHNNX/L1-dual-12bp-1mm/lane1-s081-index--TTTTCGGGATGG-TTTTAGGGCTGG-Dziwok1B_S81_R1_001.fastq.gz,,auto
Caylor1B,/nfs2/hts/nextseq/251217_VH00571_641_222GLHNNX/L1-dual-12bp-1mm/lane1-s121-index--GTGCGGCCGAGT-GTGAGGAAGCGT-Caylor1B_S121_R1_001.fastq.gz,,auto
Christilaw1B,/nfs2/hts/nextseq/251217_VH00571_641_222GLHNNX/L1-dual-12bp-1mm/lane1-s056-index--AACGAATCTGTA-CCAGCCTATGTC-Christilaw1B_S56_R1_001.fastq.gz,,auto
Gaffney2B,/nfs2/hts/nextseq/251217_VH00571_641_222GLHNNX/L1-dual-12bp-1mm/lane1-s068-index--TACTCGTGCTGT-TCATAGTGATGT-Gaffney2B_S68_R1_001.fastq.gz,,auto
Slyngstad1B,/nfs2/hts/nextseq/251217_VH00571_641_222GLHNNX/L1-dual-12bp-1mm/lane1-s049-index--CCCTGCTTACGA-AAATGATTCAGC-Slyngstad1B_S49_R1_001.fastq.gz,,auto
Quammen1B,/nfs2/hts/nextseq/251217_VH00571_641_222GLHNNX/L1-dual-12bp-1mm/lane1-s141-index--TTTCTTCCTCGC-TTTATTAATAGA-Quammen1B_S141_R1_001.fastq.gz,,auto
Max2B,/nfs2/hts/nextseq/251217_VH00571_641_222GLHNNX/L1-dual-12bp-1mm/lane1-s169-index--TTCTTACGCAAG-TTATTCAGACCG-Max2B_S169_R1_001.fastq.gz,,auto
Chiddix2B,/nfs2/hts/nextseq/251217_VH00571_641_222GLHNNX/L1-dual-12bp-1mm/lane1-s042-index--GAACGAGAATGT-GCCAGCGCCTGT-Chiddix2B_S42_R1_001.fastq.gz,,auto
Chiddix1B,/nfs2/hts/nextseq/251217_VH00571_641_222GLHNNX/L1-dual-12bp-1mm/lane1-s041-index--GAAAGATCGCCG-GCCCGCTAGAAG-Chiddix1B_S41_R1_001.fastq.gz,,auto
Owensby2B,/nfs2/hts/nextseq/251217_VH00571_641_222GLHNNX/L1-dual-12bp-1mm/lane1-s140-index--GTCCAACTCAAA-GTAACCATACCC-Owensby2B_S140_R1_001.fastq.gz,,auto
Keeton2B,/nfs2/hts/nextseq/251217_VH00571_641_222GLHNNX/L1-dual-12bp-1mm/lane1-s102-index--ATTCCCTTGGTA-CTTAAATTGGTC-Keeton2B_S102_R1_001.fastq.gz,,auto
Bailey3B,/nfs2/hts/nextseq/251217_VH00571_641_222GLHNNX/L1-dual-12bp-1mm/lane1-s078-index--CTGCAGCTACTT-ATGACGATCATT-Bailey3B_S78_R1_001.fastq.gz,,auto
Porbandarwalla2B,/nfs2/hts/nextseq/251217_VH00571_641_222GLHNNX/L1-dual-12bp-1mm/lane1-s046-index--AGACGGGCACAA-CGCAGGGACACC-Porbandarwalla2B_S46_R1_001.fastq.gz,,auto
Lockhart1B,/nfs2/hts/nextseq/251217_VH00571_641_222GLHNNX/L1-dual-12bp-1mm/lane1-s103-index--CACGGGTCAGAA-ACAGGGTACGCC-Lockhart1B_S103_R1_001.fastq.gz,,auto
Chung2B,/nfs2/hts/nextseq/251217_VH00571_641_222GLHNNX/L1-dual-12bp-1mm/lane1-s158-index--CGTCTGTCTTCA-AGTATGTATTAC-Chung2B_S158_R1_001.fastq.gz,,auto
Woolsey2B,/nfs2/hts/nextseq/251217_VH00571_641_222GLHNNX/L1-dual-12bp-1mm/lane1-s188-index--CATGAAGAGGCG-ACTGCCGCGGAG-Woolsey2B_S188_R1_001.fastq.gz,,auto
Tolle1B,/nfs2/hts/nextseq/251217_VH00571_641_222GLHNNX/L1-dual-12bp-1mm/lane1-s144-index--CGCTCGGTGGGA-AGATAGGTGGGC-Tolle1B_S144_R1_001.fastq.gz,,auto
Hansen2B,/nfs2/hts/nextseq/251217_VH00571_641_222GLHNNX/L1-dual-12bp-1mm/lane1-s108-index--CGCAACTAGAAG-AGACCATCGCCG-Hansen2B_S108_R1_001.fastq.gz,,auto
Winnell2B,/nfs2/hts/nextseq/251217_VH00571_641_222GLHNNX/L1-dual-12bp-1mm/lane1-s156-index--TTGATATTCGCA-TTGCTCTTAGAC-Winnell2B_S156_R1_001.fastq.gz,,auto
Hochberg1B,/nfs2/hts/nextseq/251217_VH00571_641_222GLHNNX/L1-dual-12bp-1mm/lane1-s149-index--TAGTTTAGGGTG-TCGTTTCGGGTG-Hochberg1B_S149_R1_001.fastq.gz,,auto
Alexander1B,/nfs2/hts/nextseq/251217_VH00571_641_222GLHNNX/L1-dual-12bp-1mm/lane1-s161-index--CGGAGCCGACCG-AGGCGAAGCAAG-Alexander1B_S161_R1_001.fastq.gz,,auto
Max1R,/nfs2/hts/nextseq/251217_VH00571_641_222GLHNNX/L1-dual-12bp-1mm/lane1-s168-index--TCCGGTGCATTT-TAAGGTGACTTT-Max1R_S168_R1_001.fastq.gz,,auto
Petrov2B,/nfs2/hts/nextseq/251217_VH00571_641_222GLHNNX/L1-dual-12bp-1mm/lane1-s006-index--TTTATCGTTAAT-TTTCTAGTTCCT-Petrov2B_S6_R1_001.fastq.gz,,auto
CSmith1B,/nfs2/hts/nextseq/251217_VH00571_641_222GLHNNX/L1-dual-12bp-1mm/lane1-s007-index--ACGTCAACGTCC-CAGTACCAGTAA-CSmith1B_S7_R1_001.fastq.gz,,auto
Brueske2B,/nfs2/hts/nextseq/251217_VH00571_641_222GLHNNX/L1-dual-12bp-1mm/lane1-s090-index--GCTCACCCTCTT-GATACAAATATT-Brueske2B_S90_R1_001.fastq.gz,,auto
Olson1B,/nfs2/hts/nextseq/251217_VH00571_641_222GLHNNX/L1-dual-12bp-1mm/lane1-s083-index--GTAAGCACGTAT-GTCCGACAGTCT-Olson1B_S83_R1_001.fastq.gz,,auto
Mazzolini2B,/nfs2/hts/nextseq/251217_VH00571_641_222GLHNNX/L1-dual-12bp-1mm/lane1-s112-index--GCATTGCGAATT-GACTTGAGCCTT-Mazzolini2B_S112_R1_001.fastq.gz,,auto
Crowell2B,/nfs2/hts/nextseq/251217_VH00571_641_222GLHNNX/L1-dual-12bp-1mm/lane1-s160-index--GCGATTAAATCA-GAGCTTCCCTAC-Crowell2B_S160_R1_001.fastq.gz,,auto
Tolle2B,/nfs2/hts/nextseq/251217_VH00571_641_222GLHNNX/L1-dual-12bp-1mm/lane1-s145-index--ACCCTAGATCGC-CAAATCGCTAGA-Tolle2B_S145_R1_001.fastq.gz,,auto
Benn1B,/nfs2/hts/nextseq/251217_VH00571_641_222GLHNNX/L1-dual-12bp-1mm/lane1-s133-index--GCCTCTGAACTA-GAATATGCCATC-Benn1B_S133_R1_001.fastq.gz,,auto
Pulse1B,/nfs2/hts/nextseq/251217_VH00571_641_222GLHNNX/L1-dual-12bp-1mm/lane1-s011-index--AGGACATCGGAC-CGGCACTAGGCA-Pulse1B_S11_R1_001.fastq.gz,,auto
Rothery2B,/nfs2/hts/nextseq/251217_VH00571_641_222GLHNNX/L1-dual-12bp-1mm/lane1-s177-index--TGGGTCTTCGCC-TGGGTATTAGAA-Rothery2B_S177_R1_001.fastq.gz,,auto
Quehrn2B,/nfs2/hts/nextseq/251217_VH00571_641_222GLHNNX/L1-dual-12bp-1mm/lane1-s020-index--TAGTGCTTCTAA-TCGTGATTATCC-Quehrn2B_S20_R1_001.fastq.gz,,auto
Thurman1B,/nfs2/hts/nextseq/251217_VH00571_641_222GLHNNX/L1-dual-12bp-1mm/lane1-s116-index--TCATAAAGGCCA-TACTCCCGGAAC-Thurman1B_S116_R1_001.fastq.gz,,auto
Strahle1B,/nfs2/hts/nextseq/251217_VH00571_641_222GLHNNX/L1-dual-12bp-1mm/lane1-s029-index--TGGCCATACGTA-TGGAACTCAGTC-Strahle1B_S29_R1_001.fastq.gz,,auto
RJones1B,/nfs2/hts/nextseq/251217_VH00571_641_222GLHNNX/L1-dual-12bp-1mm/lane1-s009-index--AGAGTATTAGAG-CGCGTCTTCGCG-RJones1B_S9_R1_001.fastq.gz,,auto
Murray1B,/nfs2/hts/nextseq/251217_VH00571_641_222GLHNNX/L1-dual-12bp-1mm/lane1-s173-index--TCCATTTGATGC-TAACTTTGCTGA-Murray1B_S173_R1_001.fastq.gz,,auto
Skov2B,/nfs2/hts/nextseq/251217_VH00571_641_222GLHNNX/L1-dual-12bp-1mm/lane1-s126-index--AGATGGCAACCC-CGCTGGACCAAA-Skov2B_S126_R1_001.fastq.gz,,auto
Campbell1B,/nfs2/hts/nextseq/251217_VH00571_641_222GLHNNX/L1-dual-12bp-1mm/lane1-s129-index--CATACTTATTTG-ACTCATTCTTTG-Campbell1B_S129_R1_001.fastq.gz,,auto
Slyngstad2B,/nfs2/hts/nextseq/251217_VH00571_641_222GLHNNX/L1-dual-12bp-1mm/lane1-s050-index--TTAATGCGTGAT-TTCCTGAGTGCT-Slyngstad2B_S50_R1_001.fastq.gz,,auto
Colton1B,/nfs2/hts/nextseq/251217_VH00571_641_222GLHNNX/L1-dual-12bp-1mm/lane1-s174-index--CAATCAATGGAC-ACCTACCTGGCA-Colton1B_S174_R1_001.fastq.gz,,auto
Hodge1R,/nfs2/hts/nextseq/251217_VH00571_641_222GLHNNX/L1-dual-12bp-1mm/lane1-s194-index--TTGTGAAACATT-TTGTGCCCACTT-Hodge1R_S194_R1_001.fastq.gz,,auto
RJones2B,/nfs2/hts/nextseq/251217_VH00571_641_222GLHNNX/L1-dual-12bp-1mm/lane1-s010-index--TACATGGCCACT-TCACTGGAACAT-RJones2B_S10_R1_001.fastq.gz,,auto
Ryan1B,/nfs2/hts/nextseq/251217_VH00571_641_222GLHNNX/L1-dual-12bp-1mm/lane1-s123-index--CCGCAATGAACT-AAGACCTGCCAT-Ryan1B_S123_R1_001.fastq.gz,,auto
